--
-- PostgreSQL database dump
--

\restrict gIBqvQhccS1dAjlfcr1Z2qaHeSzXon6HWYGjzklvJoRgVtVGx6qRnM4zadSLcAQ

-- Dumped from database version 17.9
-- Dumped by pg_dump version 17.9

-- Started on 2026-06-18 01:11:08

SET statement_timeout = 0;
SET lock_timeout = 0;
SET idle_in_transaction_session_timeout = 0;
SET transaction_timeout = 0;
SET client_encoding = 'UTF8';
SET standard_conforming_strings = on;
SELECT pg_catalog.set_config('search_path', '', false);
SET check_function_bodies = false;
SET xmloption = content;
SET client_min_messages = warning;
SET row_security = off;

SET default_tablespace = '';

SET default_table_access_method = heap;

--
-- TOC entry 246 (class 1259 OID 124347)
-- Name: activites_pedagogiques; Type: TABLE; Schema: public; Owner: postgres
--

CREATE TABLE public.activites_pedagogiques (
    id bigint NOT NULL,
    date_debut timestamp(6) without time zone,
    date_fin timestamp(6) without time zone,
    description character varying(255),
    lien_ressource character varying(255),
    matiere character varying(255),
    titre character varying(255),
    type character varying(255),
    formateur_id bigint,
    formation_id bigint
);


ALTER TABLE public.activites_pedagogiques OWNER TO postgres;

--
-- TOC entry 245 (class 1259 OID 124346)
-- Name: activites_pedagogiques_id_seq; Type: SEQUENCE; Schema: public; Owner: postgres
--

ALTER TABLE public.activites_pedagogiques ALTER COLUMN id ADD GENERATED BY DEFAULT AS IDENTITY (
    SEQUENCE NAME public.activites_pedagogiques_id_seq
    START WITH 1
    INCREMENT BY 1
    NO MINVALUE
    NO MAXVALUE
    CACHE 1
);


--
-- TOC entry 232 (class 1259 OID 116120)
-- Name: budgets; Type: TABLE; Schema: public; Owner: postgres
--

CREATE TABLE public.budgets (
    id bigint NOT NULL,
    annee integer,
    date_creation date,
    description character varying(255),
    montant numeric(38,2),
    type character varying(255),
    user_id bigint
);


ALTER TABLE public.budgets OWNER TO postgres;

--
-- TOC entry 231 (class 1259 OID 116119)
-- Name: budgets_id_seq; Type: SEQUENCE; Schema: public; Owner: postgres
--

ALTER TABLE public.budgets ALTER COLUMN id ADD GENERATED BY DEFAULT AS IDENTITY (
    SEQUENCE NAME public.budgets_id_seq
    START WITH 1
    INCREMENT BY 1
    NO MINVALUE
    NO MAXVALUE
    CACHE 1
);


--
-- TOC entry 256 (class 1259 OID 132590)
-- Name: compte_rendu_roles; Type: TABLE; Schema: public; Owner: postgres
--

CREATE TABLE public.compte_rendu_roles (
    compte_rendu_id bigint NOT NULL,
    role character varying(255)
);


ALTER TABLE public.compte_rendu_roles OWNER TO postgres;

--
-- TOC entry 252 (class 1259 OID 132554)
-- Name: compte_rendu_roles_autorises; Type: TABLE; Schema: public; Owner: postgres
--

CREATE TABLE public.compte_rendu_roles_autorises (
    compte_rendu_id bigint NOT NULL,
    roles_autorises character varying(255)
);


ALTER TABLE public.compte_rendu_roles_autorises OWNER TO postgres;

--
-- TOC entry 228 (class 1259 OID 116099)
-- Name: comptes_rendus; Type: TABLE; Schema: public; Owner: postgres
--

CREATE TABLE public.comptes_rendus (
    id bigint NOT NULL,
    auteur character varying(255),
    contenu character varying(255),
    date_creation timestamp(6) without time zone,
    document_joint character varying(255),
    titre character varying(255),
    type character varying(255),
    visibilite character varying(255)
);


ALTER TABLE public.comptes_rendus OWNER TO postgres;

--
-- TOC entry 227 (class 1259 OID 116098)
-- Name: comptes_rendus_id_seq; Type: SEQUENCE; Schema: public; Owner: postgres
--

ALTER TABLE public.comptes_rendus ALTER COLUMN id ADD GENERATED BY DEFAULT AS IDENTITY (
    SEQUENCE NAME public.comptes_rendus_id_seq
    START WITH 1
    INCREMENT BY 1
    NO MINVALUE
    NO MAXVALUE
    CACHE 1
);


--
-- TOC entry 253 (class 1259 OID 132567)
-- Name: document_roles_autorises; Type: TABLE; Schema: public; Owner: postgres
--

CREATE TABLE public.document_roles_autorises (
    document_id bigint NOT NULL,
    roles_autorises character varying(255)
);


ALTER TABLE public.document_roles_autorises OWNER TO postgres;

--
-- TOC entry 230 (class 1259 OID 116107)
-- Name: documents; Type: TABLE; Schema: public; Owner: postgres
--

CREATE TABLE public.documents (
    id bigint NOT NULL,
    auteur character varying(255),
    chemin_fichier character varying(255),
    date_creation timestamp(6) without time zone,
    description character varying(255),
    titre character varying(255),
    type character varying(255),
    user_id bigint,
    role_autorise character varying(255)
);


ALTER TABLE public.documents OWNER TO postgres;

--
-- TOC entry 229 (class 1259 OID 116106)
-- Name: documents_id_seq; Type: SEQUENCE; Schema: public; Owner: postgres
--

ALTER TABLE public.documents ALTER COLUMN id ADD GENERATED BY DEFAULT AS IDENTITY (
    SEQUENCE NAME public.documents_id_seq
    START WITH 1
    INCREMENT BY 1
    NO MINVALUE
    NO MAXVALUE
    CACHE 1
);


--
-- TOC entry 255 (class 1259 OID 132571)
-- Name: dossiers_etudiants; Type: TABLE; Schema: public; Owner: postgres
--

CREATE TABLE public.dossiers_etudiants (
    id bigint NOT NULL,
    attestations character varying(255),
    autres_documents character varying(255),
    cv_url character varying(255),
    releves_notes character varying(255),
    etudiant_id bigint
);


ALTER TABLE public.dossiers_etudiants OWNER TO postgres;

--
-- TOC entry 254 (class 1259 OID 132570)
-- Name: dossiers_etudiants_id_seq; Type: SEQUENCE; Schema: public; Owner: postgres
--

ALTER TABLE public.dossiers_etudiants ALTER COLUMN id ADD GENERATED BY DEFAULT AS IDENTITY (
    SEQUENCE NAME public.dossiers_etudiants_id_seq
    START WITH 1
    INCREMENT BY 1
    NO MINVALUE
    NO MAXVALUE
    CACHE 1
);


--
-- TOC entry 249 (class 1259 OID 132539)
-- Name: dossiers_personnels; Type: TABLE; Schema: public; Owner: postgres
--

CREATE TABLE public.dossiers_personnels (
    id bigint NOT NULL,
    cv_url character varying(255),
    diplomes character varying(255),
    poste character varying(255),
    salaire numeric(38,2),
    user_id bigint
);


ALTER TABLE public.dossiers_personnels OWNER TO postgres;

--
-- TOC entry 248 (class 1259 OID 132538)
-- Name: dossiers_personnels_id_seq; Type: SEQUENCE; Schema: public; Owner: postgres
--

ALTER TABLE public.dossiers_personnels ALTER COLUMN id ADD GENERATED BY DEFAULT AS IDENTITY (
    SEQUENCE NAME public.dossiers_personnels_id_seq
    START WITH 1
    INCREMENT BY 1
    NO MINVALUE
    NO MAXVALUE
    CACHE 1
);


--
-- TOC entry 240 (class 1259 OID 116155)
-- Name: emplois_temps; Type: TABLE; Schema: public; Owner: postgres
--

CREATE TABLE public.emplois_temps (
    id bigint NOT NULL,
    heure_debut time(6) without time zone,
    heure_fin time(6) without time zone,
    jour character varying(255),
    matiere character varying(255),
    salle character varying(255),
    formateur_id bigint,
    formation_id bigint
);


ALTER TABLE public.emplois_temps OWNER TO postgres;

--
-- TOC entry 239 (class 1259 OID 116154)
-- Name: emplois_temps_id_seq; Type: SEQUENCE; Schema: public; Owner: postgres
--

ALTER TABLE public.emplois_temps ALTER COLUMN id ADD GENERATED BY DEFAULT AS IDENTITY (
    SEQUENCE NAME public.emplois_temps_id_seq
    START WITH 1
    INCREMENT BY 1
    NO MINVALUE
    NO MAXVALUE
    CACHE 1
);


--
-- TOC entry 217 (class 1259 OID 116033)
-- Name: etudiant_diplomes; Type: TABLE; Schema: public; Owner: postgres
--

CREATE TABLE public.etudiant_diplomes (
    etudiant_id bigint NOT NULL,
    diplomes character varying(255)
);


ALTER TABLE public.etudiant_diplomes OWNER TO postgres;

--
-- TOC entry 219 (class 1259 OID 116037)
-- Name: etudiants; Type: TABLE; Schema: public; Owner: postgres
--

CREATE TABLE public.etudiants (
    id bigint NOT NULL,
    annee_debut integer,
    annee_sortie integer,
    autres_formations character varying(255),
    date_naissance date,
    formation character varying(255),
    ine character varying(255) NOT NULL,
    nom character varying(255),
    prenom character varying(255),
    promo character varying(255),
    user_id bigint
);


ALTER TABLE public.etudiants OWNER TO postgres;

--
-- TOC entry 218 (class 1259 OID 116036)
-- Name: etudiants_id_seq; Type: SEQUENCE; Schema: public; Owner: postgres
--

ALTER TABLE public.etudiants ALTER COLUMN id ADD GENERATED BY DEFAULT AS IDENTITY (
    SEQUENCE NAME public.etudiants_id_seq
    START WITH 1
    INCREMENT BY 1
    NO MINVALUE
    NO MAXVALUE
    CACHE 1
);


--
-- TOC entry 242 (class 1259 OID 116163)
-- Name: formateurs; Type: TABLE; Schema: public; Owner: postgres
--

CREATE TABLE public.formateurs (
    id bigint NOT NULL,
    email character varying(255),
    nom character varying(255),
    prenom character varying(255),
    type character varying(255)
);


ALTER TABLE public.formateurs OWNER TO postgres;

--
-- TOC entry 241 (class 1259 OID 116162)
-- Name: formateurs_id_seq; Type: SEQUENCE; Schema: public; Owner: postgres
--

ALTER TABLE public.formateurs ALTER COLUMN id ADD GENERATED BY DEFAULT AS IDENTITY (
    SEQUENCE NAME public.formateurs_id_seq
    START WITH 1
    INCREMENT BY 1
    NO MINVALUE
    NO MAXVALUE
    CACHE 1
);


--
-- TOC entry 226 (class 1259 OID 116091)
-- Name: formations; Type: TABLE; Schema: public; Owner: postgres
--

CREATE TABLE public.formations (
    id bigint NOT NULL,
    date_debut date,
    date_fin date,
    montant numeric(38,2),
    nb_femmes integer,
    nb_hommes integer,
    niveau character varying(255),
    type_financement character varying(255),
    type_formation character varying(255)
);


ALTER TABLE public.formations OWNER TO postgres;

--
-- TOC entry 225 (class 1259 OID 116090)
-- Name: formations_id_seq; Type: SEQUENCE; Schema: public; Owner: postgres
--

ALTER TABLE public.formations ALTER COLUMN id ADD GENERATED BY DEFAULT AS IDENTITY (
    SEQUENCE NAME public.formations_id_seq
    START WITH 1
    INCREMENT BY 1
    NO MINVALUE
    NO MAXVALUE
    CACHE 1
);


--
-- TOC entry 234 (class 1259 OID 116133)
-- Name: partenaires; Type: TABLE; Schema: public; Owner: postgres
--

CREATE TABLE public.partenaires (
    id bigint NOT NULL,
    contact character varying(255),
    nom character varying(255),
    secteur character varying(255),
    type_partenariat character varying(255)
);


ALTER TABLE public.partenaires OWNER TO postgres;

--
-- TOC entry 233 (class 1259 OID 116132)
-- Name: partenaires_id_seq; Type: SEQUENCE; Schema: public; Owner: postgres
--

ALTER TABLE public.partenaires ALTER COLUMN id ADD GENERATED BY DEFAULT AS IDENTITY (
    SEQUENCE NAME public.partenaires_id_seq
    START WITH 1
    INCREMENT BY 1
    NO MINVALUE
    NO MAXVALUE
    CACHE 1
);


--
-- TOC entry 244 (class 1259 OID 116190)
-- Name: registre_contacts; Type: TABLE; Schema: public; Owner: postgres
--

CREATE TABLE public.registre_contacts (
    id bigint NOT NULL,
    date_contact date,
    notes character varying(255),
    etudiant_id bigint
);


ALTER TABLE public.registre_contacts OWNER TO postgres;

--
-- TOC entry 243 (class 1259 OID 116189)
-- Name: registre_contacts_id_seq; Type: SEQUENCE; Schema: public; Owner: postgres
--

ALTER TABLE public.registre_contacts ALTER COLUMN id ADD GENERATED BY DEFAULT AS IDENTITY (
    SEQUENCE NAME public.registre_contacts_id_seq
    START WITH 1
    INCREMENT BY 1
    NO MINVALUE
    NO MAXVALUE
    CACHE 1
);


--
-- TOC entry 251 (class 1259 OID 132547)
-- Name: reunions; Type: TABLE; Schema: public; Owner: postgres
--

CREATE TABLE public.reunions (
    id bigint NOT NULL,
    compte_rendu character varying(255),
    date_reunion timestamp(6) without time zone,
    lieu character varying(255),
    participants character varying(255),
    titre character varying(255),
    type character varying(255),
    description character varying(255),
    responsable character varying(255),
    formation_id bigint
);


ALTER TABLE public.reunions OWNER TO postgres;

--
-- TOC entry 250 (class 1259 OID 132546)
-- Name: reunions_id_seq; Type: SEQUENCE; Schema: public; Owner: postgres
--

ALTER TABLE public.reunions ALTER COLUMN id ADD GENERATED BY DEFAULT AS IDENTITY (
    SEQUENCE NAME public.reunions_id_seq
    START WITH 1
    INCREMENT BY 1
    NO MINVALUE
    NO MAXVALUE
    CACHE 1
);


--
-- TOC entry 221 (class 1259 OID 116045)
-- Name: roles; Type: TABLE; Schema: public; Owner: postgres
--

CREATE TABLE public.roles (
    id bigint NOT NULL,
    name character varying(255),
    CONSTRAINT roles_name_check CHECK (((name)::text = ANY ((ARRAY['ROLE_ADMIN'::character varying, 'ROLE_ADMINISTRATIF'::character varying, 'ROLE_ENSEIGNANT'::character varying, 'ROLE_APPUI_INSERTION'::character varying, 'ROLE_ETUDIANT'::character varying])::text[])))
);


ALTER TABLE public.roles OWNER TO postgres;

--
-- TOC entry 247 (class 1259 OID 124354)
-- Name: roles_autorises; Type: TABLE; Schema: public; Owner: postgres
--

CREATE TABLE public.roles_autorises (
    compte_rendu_id bigint NOT NULL,
    role character varying(255)
);


ALTER TABLE public.roles_autorises OWNER TO postgres;

--
-- TOC entry 220 (class 1259 OID 116044)
-- Name: roles_id_seq; Type: SEQUENCE; Schema: public; Owner: postgres
--

ALTER TABLE public.roles ALTER COLUMN id ADD GENERATED BY DEFAULT AS IDENTITY (
    SEQUENCE NAME public.roles_id_seq
    START WITH 1
    INCREMENT BY 1
    NO MINVALUE
    NO MAXVALUE
    CACHE 1
);


--
-- TOC entry 236 (class 1259 OID 116141)
-- Name: stages; Type: TABLE; Schema: public; Owner: postgres
--

CREATE TABLE public.stages (
    id bigint NOT NULL,
    bilan character varying(255),
    date_debut date,
    date_fin date,
    entreprise character varying(255),
    tuteur character varying(255)
);


ALTER TABLE public.stages OWNER TO postgres;

--
-- TOC entry 235 (class 1259 OID 116140)
-- Name: stages_id_seq; Type: SEQUENCE; Schema: public; Owner: postgres
--

ALTER TABLE public.stages ALTER COLUMN id ADD GENERATED BY DEFAULT AS IDENTITY (
    SEQUENCE NAME public.stages_id_seq
    START WITH 1
    INCREMENT BY 1
    NO MINVALUE
    NO MAXVALUE
    CACHE 1
);


--
-- TOC entry 238 (class 1259 OID 116149)
-- Name: statistiques_insertion; Type: TABLE; Schema: public; Owner: postgres
--

CREATE TABLE public.statistiques_insertion (
    id bigint NOT NULL,
    annee integer,
    nb_auto_emploi integer,
    nb_salarie integer
);


ALTER TABLE public.statistiques_insertion OWNER TO postgres;

--
-- TOC entry 237 (class 1259 OID 116148)
-- Name: statistiques_insertion_id_seq; Type: SEQUENCE; Schema: public; Owner: postgres
--

ALTER TABLE public.statistiques_insertion ALTER COLUMN id ADD GENERATED BY DEFAULT AS IDENTITY (
    SEQUENCE NAME public.statistiques_insertion_id_seq
    START WITH 1
    INCREMENT BY 1
    NO MINVALUE
    NO MAXVALUE
    CACHE 1
);


--
-- TOC entry 222 (class 1259 OID 116051)
-- Name: user_roles; Type: TABLE; Schema: public; Owner: postgres
--

CREATE TABLE public.user_roles (
    user_id bigint NOT NULL,
    role_id bigint NOT NULL
);


ALTER TABLE public.user_roles OWNER TO postgres;

--
-- TOC entry 224 (class 1259 OID 116057)
-- Name: users; Type: TABLE; Schema: public; Owner: postgres
--

CREATE TABLE public.users (
    id bigint NOT NULL,
    email character varying(255),
    password character varying(255) NOT NULL,
    username character varying(255) NOT NULL
);


ALTER TABLE public.users OWNER TO postgres;

--
-- TOC entry 223 (class 1259 OID 116056)
-- Name: users_id_seq; Type: SEQUENCE; Schema: public; Owner: postgres
--

ALTER TABLE public.users ALTER COLUMN id ADD GENERATED BY DEFAULT AS IDENTITY (
    SEQUENCE NAME public.users_id_seq
    START WITH 1
    INCREMENT BY 1
    NO MINVALUE
    NO MAXVALUE
    CACHE 1
);


--
-- TOC entry 5082 (class 0 OID 124347)
-- Dependencies: 246
-- Data for Name: activites_pedagogiques; Type: TABLE DATA; Schema: public; Owner: postgres
--

COPY public.activites_pedagogiques (id, date_debut, date_fin, description, lien_ressource, matiere, titre, type, formateur_id, formation_id) FROM stdin;
1	2020-01-01 02:00:00	2024-01-01 05:20:00		Z	PH	AZERTY	DEVOIR	1	1
\.


--
-- TOC entry 5068 (class 0 OID 116120)
-- Dependencies: 232
-- Data for Name: budgets; Type: TABLE DATA; Schema: public; Owner: postgres
--

COPY public.budgets (id, annee, date_creation, description, montant, type, user_id) FROM stdin;
1	2026	2026-06-05	azerty	100000000.00	PROJET	\N
\.


--
-- TOC entry 5092 (class 0 OID 132590)
-- Dependencies: 256
-- Data for Name: compte_rendu_roles; Type: TABLE DATA; Schema: public; Owner: postgres
--

COPY public.compte_rendu_roles (compte_rendu_id, role) FROM stdin;
\.


--
-- TOC entry 5088 (class 0 OID 132554)
-- Dependencies: 252
-- Data for Name: compte_rendu_roles_autorises; Type: TABLE DATA; Schema: public; Owner: postgres
--

COPY public.compte_rendu_roles_autorises (compte_rendu_id, roles_autorises) FROM stdin;
\.


--
-- TOC entry 5064 (class 0 OID 116099)
-- Dependencies: 228
-- Data for Name: comptes_rendus; Type: TABLE DATA; Schema: public; Owner: postgres
--

COPY public.comptes_rendus (id, auteur, contenu, date_creation, document_joint, titre, type, visibilite) FROM stdin;
1	Recteur UNCHK	calendrier 	2026-06-05 15:57:37.001		Examen	CONSEIL	\N
2	Admin	Contenu test	2026-06-05 16:04:04.228449		Test	REUNION	\N
4	z	z	2026-06-11 15:59:08.357711		azerty	REUNION	\N
\.


--
-- TOC entry 5089 (class 0 OID 132567)
-- Dependencies: 253
-- Data for Name: document_roles_autorises; Type: TABLE DATA; Schema: public; Owner: postgres
--

COPY public.document_roles_autorises (document_id, roles_autorises) FROM stdin;
\.


--
-- TOC entry 5066 (class 0 OID 116107)
-- Dependencies: 230
-- Data for Name: documents; Type: TABLE DATA; Schema: public; Owner: postgres
--

COPY public.documents (id, auteur, chemin_fichier, date_creation, description, titre, type, user_id, role_autorise) FROM stdin;
1	AZERTY	.\\uploads\\1d2a79cf-d36f-4f67-a629-80e73d54d6da_Presentation-LES.pdf	2026-06-05 22:20:23.928401		AZE	NOTE_ADMIN	\N	\N
2	AZERTY	.\\uploads\\17e17406-fb29-4131-b55a-3612efb90a75_Presentation-LES.pdf	2026-06-05 22:20:24.114787		AZE	NOTE_ADMIN	\N	\N
3	AZERTY	.\\uploads\\85761608-32d2-4e45-a1a2-f4c1ca0bb602_Presentation-LES.pdf	2026-06-05 22:20:24.261909		AZE	NOTE_ADMIN	\N	\N
4	DEF	.\\uploads\\eed897ee-55be-450d-9306-6cc1ffd2343a_liste des produits.pdf	2026-06-05 22:21:05.439568		ASS	NOTE_SERVICE	\N	\N
\.


--
-- TOC entry 5091 (class 0 OID 132571)
-- Dependencies: 255
-- Data for Name: dossiers_etudiants; Type: TABLE DATA; Schema: public; Owner: postgres
--

COPY public.dossiers_etudiants (id, attestations, autres_documents, cv_url, releves_notes, etudiant_id) FROM stdin;
1	Licence				3
\.


--
-- TOC entry 5085 (class 0 OID 132539)
-- Dependencies: 249
-- Data for Name: dossiers_personnels; Type: TABLE DATA; Schema: public; Owner: postgres
--

COPY public.dossiers_personnels (id, cv_url, diplomes, poste, salaire, user_id) FROM stdin;
1		K	ERTY	345678.00	1
2		cc	qsd	4.00	1
\.


--
-- TOC entry 5076 (class 0 OID 116155)
-- Dependencies: 240
-- Data for Name: emplois_temps; Type: TABLE DATA; Schema: public; Owner: postgres
--

COPY public.emplois_temps (id, heure_debut, heure_fin, jour, matiere, salle, formateur_id, formation_id) FROM stdin;
1	09:15:00	20:00:00	LUNDI	Desing Think	A	\N	\N
2	08:00:00	10:00:00	LUNDI	Algorithmique	A101	1	1
3	14:00:00	16:00:00	MERCREDI	Analyse	B205	1	1
\.


--
-- TOC entry 5053 (class 0 OID 116033)
-- Dependencies: 217
-- Data for Name: etudiant_diplomes; Type: TABLE DATA; Schema: public; Owner: postgres
--

COPY public.etudiant_diplomes (etudiant_id, diplomes) FROM stdin;
1	Licence Informatique
2	Test
3	Licence
4	Licence Info
\.


--
-- TOC entry 5055 (class 0 OID 116037)
-- Dependencies: 219
-- Data for Name: etudiants; Type: TABLE DATA; Schema: public; Owner: postgres
--

COPY public.etudiants (id, annee_debut, annee_sortie, autres_formations, date_naissance, formation, ine, nom, prenom, promo, user_id) FROM stdin;
1	2024	2026		2000-01-15	Informatique	20240001	Dupont	Jean	2024-2026	\N
2	2024	2026		2000-01-01	Info	20240004	Test	Test	2024	\N
3	2020	2025		2000-01-01	IDA	12345678	CHERIF	SEYE	8	\N
4	2024	2026	Anglais	2000-03-10	Informatique	20240050	Diop	Fatou	2024-2026	\N
\.


--
-- TOC entry 5078 (class 0 OID 116163)
-- Dependencies: 242
-- Data for Name: formateurs; Type: TABLE DATA; Schema: public; Owner: postgres
--

COPY public.formateurs (id, email, nom, prenom, type) FROM stdin;
2	mamadou.sow@unchk.sn	Sow	Mamadou	ENSEIGNANT
3	aminata.fall@unchk.sn	Fall	Aminata	TUTEUR
1	doudou.ba@unchk.sn	Doudou	Ba	TUTEUR
\.


--
-- TOC entry 5062 (class 0 OID 116091)
-- Dependencies: 226
-- Data for Name: formations; Type: TABLE DATA; Schema: public; Owner: postgres
--

COPY public.formations (id, date_debut, date_fin, montant, nb_femmes, nb_hommes, niveau, type_financement, type_formation) FROM stdin;
1	2025-01-01	2026-01-01	0.00	0	0	L1	Public	IDA
2	2025-09-01	2026-06-30	850000.00	30	40	Bac+5	Public	Master
\.


--
-- TOC entry 5070 (class 0 OID 116133)
-- Dependencies: 234
-- Data for Name: partenaires; Type: TABLE DATA; Schema: public; Owner: postgres
--

COPY public.partenaires (id, contact, nom, secteur, type_partenariat) FROM stdin;
1	11	A	AA	A
\.


--
-- TOC entry 5080 (class 0 OID 116190)
-- Dependencies: 244
-- Data for Name: registre_contacts; Type: TABLE DATA; Schema: public; Owner: postgres
--

COPY public.registre_contacts (id, date_contact, notes, etudiant_id) FROM stdin;
1	2025-06-10	Test	1
2	2025-06-10	Test	1
3	2025-06-11	Test	1
4	2020-01-01	2	3
\.


--
-- TOC entry 5087 (class 0 OID 132547)
-- Dependencies: 251
-- Data for Name: reunions; Type: TABLE DATA; Schema: public; Owner: postgres
--

COPY public.reunions (id, compte_rendu, date_reunion, lieu, participants, titre, type, description, responsable, formation_id) FROM stdin;
2	\N	2020-01-01 01:20:00	\N	\N	AZERTY	PREPARATION_EVALUATION		D	\N
3	\N	2025-06-20 09:00:00	\N	\N	Suivi tutorat L1	SUIVI_TUTORAT	Bilan du premier semestre	Dr. Ndiaye	1
\.


--
-- TOC entry 5057 (class 0 OID 116045)
-- Dependencies: 221
-- Data for Name: roles; Type: TABLE DATA; Schema: public; Owner: postgres
--

COPY public.roles (id, name) FROM stdin;
1	ROLE_ADMIN
2	ROLE_ADMINISTRATIF
3	ROLE_ENSEIGNANT
4	ROLE_APPUI_INSERTION
5	ROLE_ETUDIANT
\.


--
-- TOC entry 5083 (class 0 OID 124354)
-- Dependencies: 247
-- Data for Name: roles_autorises; Type: TABLE DATA; Schema: public; Owner: postgres
--

COPY public.roles_autorises (compte_rendu_id, role) FROM stdin;
\.


--
-- TOC entry 5072 (class 0 OID 116141)
-- Dependencies: 236
-- Data for Name: stages; Type: TABLE DATA; Schema: public; Owner: postgres
--

COPY public.stages (id, bilan, date_debut, date_fin, entreprise, tuteur) FROM stdin;
1		2020-01-01	2023-01-01	dfg	DIA
2	Stage enrichissant	2025-08-01	2025-10-31	Sonatel	Mme. Sow
\.


--
-- TOC entry 5074 (class 0 OID 116149)
-- Dependencies: 238
-- Data for Name: statistiques_insertion; Type: TABLE DATA; Schema: public; Owner: postgres
--

COPY public.statistiques_insertion (id, annee, nb_auto_emploi, nb_salarie) FROM stdin;
1	2026	1	1
3	2025	18	42
4	2024	12	38
\.


--
-- TOC entry 5058 (class 0 OID 116051)
-- Dependencies: 222
-- Data for Name: user_roles; Type: TABLE DATA; Schema: public; Owner: postgres
--

COPY public.user_roles (user_id, role_id) FROM stdin;
2	1
3	5
3	3
9	3
10	4
11	5
\.


--
-- TOC entry 5060 (class 0 OID 116057)
-- Dependencies: 224
-- Data for Name: users; Type: TABLE DATA; Schema: public; Owner: postgres
--

COPY public.users (id, email, password, username) FROM stdin;
2	admin@unchk.sn	$2a$10$JTiTUNJ7KhtsZURyU8pRGu1It7sU32oQNvQRSj9PElON72mTcmzwe	admin
3	john@example.com	$2a$10$JaPFwZI7xi5IurnudTbWJOQ2WSQnCVDRMmRs9gZtmfiXGIFPZcj9O	john
9	prof@unchk.sn	$2a$10$K7cWzJczvfHoFU4JVF1pMuY.1Zy29VHWqfaXUgCG625HkRJmLoVMK	prof
10	agent@unchk.sn	$2a$10$lAwAcXIR9njOqsfPtahMkex8MJFvLJsnhDgdO6oLn1zg.wb6XQLI.	agent
11	etudiant@unchk.sn	$2a$10$c8qm8LFCKTVnBw5bWG4LUu//Jlzj7o/BCSeF2riZabfD3MF/qZFkG	etudiant1
\.


--
-- TOC entry 5098 (class 0 OID 0)
-- Dependencies: 245
-- Name: activites_pedagogiques_id_seq; Type: SEQUENCE SET; Schema: public; Owner: postgres
--

SELECT pg_catalog.setval('public.activites_pedagogiques_id_seq', 1, true);


--
-- TOC entry 5099 (class 0 OID 0)
-- Dependencies: 231
-- Name: budgets_id_seq; Type: SEQUENCE SET; Schema: public; Owner: postgres
--

SELECT pg_catalog.setval('public.budgets_id_seq', 1, true);


--
-- TOC entry 5100 (class 0 OID 0)
-- Dependencies: 227
-- Name: comptes_rendus_id_seq; Type: SEQUENCE SET; Schema: public; Owner: postgres
--

SELECT pg_catalog.setval('public.comptes_rendus_id_seq', 4, true);


--
-- TOC entry 5101 (class 0 OID 0)
-- Dependencies: 229
-- Name: documents_id_seq; Type: SEQUENCE SET; Schema: public; Owner: postgres
--

SELECT pg_catalog.setval('public.documents_id_seq', 4, true);


--
-- TOC entry 5102 (class 0 OID 0)
-- Dependencies: 254
-- Name: dossiers_etudiants_id_seq; Type: SEQUENCE SET; Schema: public; Owner: postgres
--

SELECT pg_catalog.setval('public.dossiers_etudiants_id_seq', 1, true);


--
-- TOC entry 5103 (class 0 OID 0)
-- Dependencies: 248
-- Name: dossiers_personnels_id_seq; Type: SEQUENCE SET; Schema: public; Owner: postgres
--

SELECT pg_catalog.setval('public.dossiers_personnels_id_seq', 2, true);


--
-- TOC entry 5104 (class 0 OID 0)
-- Dependencies: 239
-- Name: emplois_temps_id_seq; Type: SEQUENCE SET; Schema: public; Owner: postgres
--

SELECT pg_catalog.setval('public.emplois_temps_id_seq', 3, true);


--
-- TOC entry 5105 (class 0 OID 0)
-- Dependencies: 218
-- Name: etudiants_id_seq; Type: SEQUENCE SET; Schema: public; Owner: postgres
--

SELECT pg_catalog.setval('public.etudiants_id_seq', 4, true);


--
-- TOC entry 5106 (class 0 OID 0)
-- Dependencies: 241
-- Name: formateurs_id_seq; Type: SEQUENCE SET; Schema: public; Owner: postgres
--

SELECT pg_catalog.setval('public.formateurs_id_seq', 3, true);


--
-- TOC entry 5107 (class 0 OID 0)
-- Dependencies: 225
-- Name: formations_id_seq; Type: SEQUENCE SET; Schema: public; Owner: postgres
--

SELECT pg_catalog.setval('public.formations_id_seq', 2, true);


--
-- TOC entry 5108 (class 0 OID 0)
-- Dependencies: 233
-- Name: partenaires_id_seq; Type: SEQUENCE SET; Schema: public; Owner: postgres
--

SELECT pg_catalog.setval('public.partenaires_id_seq', 1, true);


--
-- TOC entry 5109 (class 0 OID 0)
-- Dependencies: 243
-- Name: registre_contacts_id_seq; Type: SEQUENCE SET; Schema: public; Owner: postgres
--

SELECT pg_catalog.setval('public.registre_contacts_id_seq', 4, true);


--
-- TOC entry 5110 (class 0 OID 0)
-- Dependencies: 250
-- Name: reunions_id_seq; Type: SEQUENCE SET; Schema: public; Owner: postgres
--

SELECT pg_catalog.setval('public.reunions_id_seq', 3, true);


--
-- TOC entry 5111 (class 0 OID 0)
-- Dependencies: 220
-- Name: roles_id_seq; Type: SEQUENCE SET; Schema: public; Owner: postgres
--

SELECT pg_catalog.setval('public.roles_id_seq', 5, true);


--
-- TOC entry 5112 (class 0 OID 0)
-- Dependencies: 235
-- Name: stages_id_seq; Type: SEQUENCE SET; Schema: public; Owner: postgres
--

SELECT pg_catalog.setval('public.stages_id_seq', 2, true);


--
-- TOC entry 5113 (class 0 OID 0)
-- Dependencies: 237
-- Name: statistiques_insertion_id_seq; Type: SEQUENCE SET; Schema: public; Owner: postgres
--

SELECT pg_catalog.setval('public.statistiques_insertion_id_seq', 4, true);


--
-- TOC entry 5114 (class 0 OID 0)
-- Dependencies: 223
-- Name: users_id_seq; Type: SEQUENCE SET; Schema: public; Owner: postgres
--

SELECT pg_catalog.setval('public.users_id_seq', 11, true);


--
-- TOC entry 4882 (class 2606 OID 124353)
-- Name: activites_pedagogiques activites_pedagogiques_pkey; Type: CONSTRAINT; Schema: public; Owner: postgres
--

ALTER TABLE ONLY public.activites_pedagogiques
    ADD CONSTRAINT activites_pedagogiques_pkey PRIMARY KEY (id);


--
-- TOC entry 4868 (class 2606 OID 116126)
-- Name: budgets budgets_pkey; Type: CONSTRAINT; Schema: public; Owner: postgres
--

ALTER TABLE ONLY public.budgets
    ADD CONSTRAINT budgets_pkey PRIMARY KEY (id);


--
-- TOC entry 4864 (class 2606 OID 116105)
-- Name: comptes_rendus comptes_rendus_pkey; Type: CONSTRAINT; Schema: public; Owner: postgres
--

ALTER TABLE ONLY public.comptes_rendus
    ADD CONSTRAINT comptes_rendus_pkey PRIMARY KEY (id);


--
-- TOC entry 4866 (class 2606 OID 116113)
-- Name: documents documents_pkey; Type: CONSTRAINT; Schema: public; Owner: postgres
--

ALTER TABLE ONLY public.documents
    ADD CONSTRAINT documents_pkey PRIMARY KEY (id);


--
-- TOC entry 4888 (class 2606 OID 132577)
-- Name: dossiers_etudiants dossiers_etudiants_pkey; Type: CONSTRAINT; Schema: public; Owner: postgres
--

ALTER TABLE ONLY public.dossiers_etudiants
    ADD CONSTRAINT dossiers_etudiants_pkey PRIMARY KEY (id);


--
-- TOC entry 4884 (class 2606 OID 132545)
-- Name: dossiers_personnels dossiers_personnels_pkey; Type: CONSTRAINT; Schema: public; Owner: postgres
--

ALTER TABLE ONLY public.dossiers_personnels
    ADD CONSTRAINT dossiers_personnels_pkey PRIMARY KEY (id);


--
-- TOC entry 4876 (class 2606 OID 116161)
-- Name: emplois_temps emplois_temps_pkey; Type: CONSTRAINT; Schema: public; Owner: postgres
--

ALTER TABLE ONLY public.emplois_temps
    ADD CONSTRAINT emplois_temps_pkey PRIMARY KEY (id);


--
-- TOC entry 4848 (class 2606 OID 116043)
-- Name: etudiants etudiants_pkey; Type: CONSTRAINT; Schema: public; Owner: postgres
--

ALTER TABLE ONLY public.etudiants
    ADD CONSTRAINT etudiants_pkey PRIMARY KEY (id);


--
-- TOC entry 4878 (class 2606 OID 116169)
-- Name: formateurs formateurs_pkey; Type: CONSTRAINT; Schema: public; Owner: postgres
--

ALTER TABLE ONLY public.formateurs
    ADD CONSTRAINT formateurs_pkey PRIMARY KEY (id);


--
-- TOC entry 4862 (class 2606 OID 116097)
-- Name: formations formations_pkey; Type: CONSTRAINT; Schema: public; Owner: postgres
--

ALTER TABLE ONLY public.formations
    ADD CONSTRAINT formations_pkey PRIMARY KEY (id);


--
-- TOC entry 4870 (class 2606 OID 116139)
-- Name: partenaires partenaires_pkey; Type: CONSTRAINT; Schema: public; Owner: postgres
--

ALTER TABLE ONLY public.partenaires
    ADD CONSTRAINT partenaires_pkey PRIMARY KEY (id);


--
-- TOC entry 4880 (class 2606 OID 116194)
-- Name: registre_contacts registre_contacts_pkey; Type: CONSTRAINT; Schema: public; Owner: postgres
--

ALTER TABLE ONLY public.registre_contacts
    ADD CONSTRAINT registre_contacts_pkey PRIMARY KEY (id);


--
-- TOC entry 4886 (class 2606 OID 132553)
-- Name: reunions reunions_pkey; Type: CONSTRAINT; Schema: public; Owner: postgres
--

ALTER TABLE ONLY public.reunions
    ADD CONSTRAINT reunions_pkey PRIMARY KEY (id);


--
-- TOC entry 4854 (class 2606 OID 116050)
-- Name: roles roles_pkey; Type: CONSTRAINT; Schema: public; Owner: postgres
--

ALTER TABLE ONLY public.roles
    ADD CONSTRAINT roles_pkey PRIMARY KEY (id);


--
-- TOC entry 4872 (class 2606 OID 116147)
-- Name: stages stages_pkey; Type: CONSTRAINT; Schema: public; Owner: postgres
--

ALTER TABLE ONLY public.stages
    ADD CONSTRAINT stages_pkey PRIMARY KEY (id);


--
-- TOC entry 4874 (class 2606 OID 116153)
-- Name: statistiques_insertion statistiques_insertion_pkey; Type: CONSTRAINT; Schema: public; Owner: postgres
--

ALTER TABLE ONLY public.statistiques_insertion
    ADD CONSTRAINT statistiques_insertion_pkey PRIMARY KEY (id);


--
-- TOC entry 4850 (class 2606 OID 116065)
-- Name: etudiants uk9cvt2silxq8jtv5ecrvr4g0ua; Type: CONSTRAINT; Schema: public; Owner: postgres
--

ALTER TABLE ONLY public.etudiants
    ADD CONSTRAINT uk9cvt2silxq8jtv5ecrvr4g0ua UNIQUE (ine);


--
-- TOC entry 4890 (class 2606 OID 132579)
-- Name: dossiers_etudiants uk9uurgwxkeatsyqwb6ixfhnh53; Type: CONSTRAINT; Schema: public; Owner: postgres
--

ALTER TABLE ONLY public.dossiers_etudiants
    ADD CONSTRAINT uk9uurgwxkeatsyqwb6ixfhnh53 UNIQUE (etudiant_id);


--
-- TOC entry 4852 (class 2606 OID 116067)
-- Name: etudiants ukejm44maguc2p6mb7xurqk2lr; Type: CONSTRAINT; Schema: public; Owner: postgres
--

ALTER TABLE ONLY public.etudiants
    ADD CONSTRAINT ukejm44maguc2p6mb7xurqk2lr UNIQUE (user_id);


--
-- TOC entry 4858 (class 2606 OID 116069)
-- Name: users ukr43af9ap4edm43mmtq01oddj6; Type: CONSTRAINT; Schema: public; Owner: postgres
--

ALTER TABLE ONLY public.users
    ADD CONSTRAINT ukr43af9ap4edm43mmtq01oddj6 UNIQUE (username);


--
-- TOC entry 4856 (class 2606 OID 116055)
-- Name: user_roles user_roles_pkey; Type: CONSTRAINT; Schema: public; Owner: postgres
--

ALTER TABLE ONLY public.user_roles
    ADD CONSTRAINT user_roles_pkey PRIMARY KEY (user_id, role_id);


--
-- TOC entry 4860 (class 2606 OID 116063)
-- Name: users users_pkey; Type: CONSTRAINT; Schema: public; Owner: postgres
--

ALTER TABLE ONLY public.users
    ADD CONSTRAINT users_pkey PRIMARY KEY (id);


--
-- TOC entry 4905 (class 2606 OID 132580)
-- Name: document_roles_autorises fk2d4r6wrsmuslqtktdb7xiflx9; Type: FK CONSTRAINT; Schema: public; Owner: postgres
--

ALTER TABLE ONLY public.document_roles_autorises
    ADD CONSTRAINT fk2d4r6wrsmuslqtktdb7xiflx9 FOREIGN KEY (document_id) REFERENCES public.documents(id);


--
-- TOC entry 4904 (class 2606 OID 132557)
-- Name: compte_rendu_roles_autorises fk41lt4x94pvh3vtjdsgshl8n6f; Type: FK CONSTRAINT; Schema: public; Owner: postgres
--

ALTER TABLE ONLY public.compte_rendu_roles_autorises
    ADD CONSTRAINT fk41lt4x94pvh3vtjdsgshl8n6f FOREIGN KEY (compte_rendu_id) REFERENCES public.comptes_rendus(id);


--
-- TOC entry 4899 (class 2606 OID 116202)
-- Name: registre_contacts fk90hd2ldjjlsbut4u04aaqr1c6; Type: FK CONSTRAINT; Schema: public; Owner: postgres
--

ALTER TABLE ONLY public.registre_contacts
    ADD CONSTRAINT fk90hd2ldjjlsbut4u04aaqr1c6 FOREIGN KEY (etudiant_id) REFERENCES public.etudiants(id);


--
-- TOC entry 4900 (class 2606 OID 124357)
-- Name: activites_pedagogiques fk9qdmiblwi9luqx58odms5vu3i; Type: FK CONSTRAINT; Schema: public; Owner: postgres
--

ALTER TABLE ONLY public.activites_pedagogiques
    ADD CONSTRAINT fk9qdmiblwi9luqx58odms5vu3i FOREIGN KEY (formateur_id) REFERENCES public.formateurs(id);


--
-- TOC entry 4901 (class 2606 OID 124362)
-- Name: activites_pedagogiques fkanby8nrofwhjimjkr9h7y0p10; Type: FK CONSTRAINT; Schema: public; Owner: postgres
--

ALTER TABLE ONLY public.activites_pedagogiques
    ADD CONSTRAINT fkanby8nrofwhjimjkr9h7y0p10 FOREIGN KEY (formation_id) REFERENCES public.formations(id);


--
-- TOC entry 4897 (class 2606 OID 116175)
-- Name: emplois_temps fkccdvy890gp3thj46729umts13; Type: FK CONSTRAINT; Schema: public; Owner: postgres
--

ALTER TABLE ONLY public.emplois_temps
    ADD CONSTRAINT fkccdvy890gp3thj46729umts13 FOREIGN KEY (formation_id) REFERENCES public.formations(id);


--
-- TOC entry 4902 (class 2606 OID 124367)
-- Name: roles_autorises fkdjxr3xs6utqbonxjf4an2rlci; Type: FK CONSTRAINT; Schema: public; Owner: postgres
--

ALTER TABLE ONLY public.roles_autorises
    ADD CONSTRAINT fkdjxr3xs6utqbonxjf4an2rlci FOREIGN KEY (compte_rendu_id) REFERENCES public.comptes_rendus(id);


--
-- TOC entry 4891 (class 2606 OID 116070)
-- Name: etudiant_diplomes fkfpsn0eddf10w4naucqmu3o9t7; Type: FK CONSTRAINT; Schema: public; Owner: postgres
--

ALTER TABLE ONLY public.etudiant_diplomes
    ADD CONSTRAINT fkfpsn0eddf10w4naucqmu3o9t7 FOREIGN KEY (etudiant_id) REFERENCES public.etudiants(id);


--
-- TOC entry 4893 (class 2606 OID 116080)
-- Name: user_roles fkh8ciramu9cc9q3qcqiv4ue8a6; Type: FK CONSTRAINT; Schema: public; Owner: postgres
--

ALTER TABLE ONLY public.user_roles
    ADD CONSTRAINT fkh8ciramu9cc9q3qcqiv4ue8a6 FOREIGN KEY (role_id) REFERENCES public.roles(id);


--
-- TOC entry 4907 (class 2606 OID 132593)
-- Name: compte_rendu_roles fkhdyq1mjmw4hkcxbxouebs4ns7; Type: FK CONSTRAINT; Schema: public; Owner: postgres
--

ALTER TABLE ONLY public.compte_rendu_roles
    ADD CONSTRAINT fkhdyq1mjmw4hkcxbxouebs4ns7 FOREIGN KEY (compte_rendu_id) REFERENCES public.comptes_rendus(id);


--
-- TOC entry 4894 (class 2606 OID 116085)
-- Name: user_roles fkhfh9dx7w3ubf1co1vdev94g3f; Type: FK CONSTRAINT; Schema: public; Owner: postgres
--

ALTER TABLE ONLY public.user_roles
    ADD CONSTRAINT fkhfh9dx7w3ubf1co1vdev94g3f FOREIGN KEY (user_id) REFERENCES public.users(id);


--
-- TOC entry 4895 (class 2606 OID 116114)
-- Name: documents fkkxttj4tp5le2uth212lu49vny; Type: FK CONSTRAINT; Schema: public; Owner: postgres
--

ALTER TABLE ONLY public.documents
    ADD CONSTRAINT fkkxttj4tp5le2uth212lu49vny FOREIGN KEY (user_id) REFERENCES public.users(id);


--
-- TOC entry 4896 (class 2606 OID 116127)
-- Name: budgets fkln0tm5tgf3f9q3sp9sa5m8m7b; Type: FK CONSTRAINT; Schema: public; Owner: postgres
--

ALTER TABLE ONLY public.budgets
    ADD CONSTRAINT fkln0tm5tgf3f9q3sp9sa5m8m7b FOREIGN KEY (user_id) REFERENCES public.users(id);


--
-- TOC entry 4903 (class 2606 OID 132562)
-- Name: reunions fkmnb8apaw878ts0jwo5q9aoi7g; Type: FK CONSTRAINT; Schema: public; Owner: postgres
--

ALTER TABLE ONLY public.reunions
    ADD CONSTRAINT fkmnb8apaw878ts0jwo5q9aoi7g FOREIGN KEY (formation_id) REFERENCES public.formations(id);


--
-- TOC entry 4906 (class 2606 OID 132585)
-- Name: dossiers_etudiants fkrq5u55ikcf0w63g8vdo7786d3; Type: FK CONSTRAINT; Schema: public; Owner: postgres
--

ALTER TABLE ONLY public.dossiers_etudiants
    ADD CONSTRAINT fkrq5u55ikcf0w63g8vdo7786d3 FOREIGN KEY (etudiant_id) REFERENCES public.etudiants(id);


--
-- TOC entry 4892 (class 2606 OID 116075)
-- Name: etudiants fksgxlwybt9svpg1vi17i44695h; Type: FK CONSTRAINT; Schema: public; Owner: postgres
--

ALTER TABLE ONLY public.etudiants
    ADD CONSTRAINT fksgxlwybt9svpg1vi17i44695h FOREIGN KEY (user_id) REFERENCES public.users(id);


--
-- TOC entry 4898 (class 2606 OID 116170)
-- Name: emplois_temps fky861adpauwvm47kvdr3yik3x; Type: FK CONSTRAINT; Schema: public; Owner: postgres
--

ALTER TABLE ONLY public.emplois_temps
    ADD CONSTRAINT fky861adpauwvm47kvdr3yik3x FOREIGN KEY (formateur_id) REFERENCES public.formateurs(id);


-- Completed on 2026-06-18 01:11:08

--
-- PostgreSQL database dump complete
--

\unrestrict gIBqvQhccS1dAjlfcr1Z2qaHeSzXon6HWYGjzklvJoRgVtVGx6qRnM4zadSLcAQ

